# author: Rutu Patel, April 2023
Problem Size,Direct Sum,Vector Sum,Indirect Sum
8388608,0,4.35188279857,4.47144001832
16777216,0,2.236,2.25429939982
33554432,0,1.10595979615,1.10935192548
67108864,0,0.54980435761,0.55057929751
134217728,0,0.27982535316,0.28029922502
268435456,0,0.14546466768,0.14539319904